{
  "logsdon": {
    "distribution": [12184, 5175, 4148, 3481, 2151, 1175, 570, 153, 21, 9],
    "bins": [
      -0.007165802586, 0.7165802586, 1.4331605172, 2.1497407758, 2.8663210344,
      3.582901293, 4.2994815516, 5.0160618102, 5.7326420688, 6.449222327399999,
      7.165802586
    ],
    "min": 0.0,
    "max": 7.165802586,
    "mean": 1.3710040086127533,
    "first_quartile": 0.26267472635,
    "third_quartile": 2.20063426655
  },
  "geneticsscore": {
    "distribution": [9631, 5149, 4106, 4018, 3768, 1798, 491, 91, 13, 2],
    "bins": [
      -0.003, 0.3, 0.6, 0.8999999999999999, 1.2, 1.5, 1.7999999999999998, 2.1,
      2.4, 2.6999999999999997, 3.0
    ],
    "min": 0.0,
    "max": 3.0,
    "mean": 0.7160479295046273,
    "first_quartile": 0.2261353865,
    "third_quartile": 1.1538092195
  },
  "omicsscore": {
    "distribution": [20368, 2068, 1304, 1206, 1084, 887, 758, 553, 447, 392],
    "bins": [
      -0.002, 0.2, 0.4, 0.6000000000000001, 0.8, 1.0, 1.2000000000000002,
      1.4000000000000001, 1.6, 1.8, 2.0
    ],
    "min": 0.0,
    "max": 2.0,
    "mean": 0.3498614540466405,
    "first_quartile": 0.0,
    "third_quartile": 0.6516586135
  },
  "literaturescore": {
    "distribution": [20945, 1587, 1236, 1236, 820, 812, 812, 811, 418, 390],
    "bins": [
      -0.002, 0.2, 0.4, 0.6000000000000001, 0.8, 1.0, 1.2000000000000002,
      1.4000000000000001, 1.6, 1.8, 2.0
    ],
    "min": 0.0,
    "max": 2.0,
    "mean": 0.2970251075102351,
    "first_quartile": 0.0,
    "third_quartile": 0.365292307692308
  },
  "flyneuropathscore": {
    "distribution": [28809, 130, 90, 38, 0, 0, 0, 0, 0, 0],
    "bins": [
      -0.002, 0.2, 0.4, 0.6000000000000001, 0.8, 1.0, 1.2000000000000002,
      1.4000000000000001, 1.6, 1.8, 2.0
    ],
    "min": 0.0,
    "max": 2.0,
    "mean": 0.010936342473337463,
    "first_quartile": 0.0,
    "third_quartile": 0.0
  }
}
